file,text
audio_00000_clean.wav,WYDLH
audio_00000_noisy.wav,WYDLH
audio_00000_fast.wav,WYDLH
audio_00000_slow.wav,WYDLH
audio_00001_clean.wav,ZZHMF
audio_00001_noisy.wav,ZZHMF
audio_00001_fast.wav,ZZHMF
audio_00001_slow.wav,ZZHMF
audio_00002_clean.wav,P0EVK
audio_00002_noisy.wav,P0EVK
audio_00002_fast.wav,P0EVK
audio_00002_slow.wav,P0EVK
audio_00003_clean.wav,QC4KN
audio_00003_noisy.wav,QC4KN
audio_00003_fast.wav,QC4KN
audio_00003_slow.wav,QC4KN
audio_00004_clean.wav,G967I
audio_00004_noisy.wav,G967I
audio_00004_fast.wav,G967I
audio_00004_slow.wav,G967I
audio_00005_clean.wav,A1N23
audio_00005_noisy.wav,A1N23
audio_00005_fast.wav,A1N23
audio_00005_slow.wav,A1N23
audio_00006_clean.wav,OAHCR
audio_00006_noisy.wav,OAHCR
audio_00006_fast.wav,OAHCR
audio_00006_slow.wav,OAHCR
audio_00007_clean.wav,LYIYF
audio_00007_noisy.wav,LYIYF
audio_00007_fast.wav,LYIYF
audio_00007_slow.wav,LYIYF
audio_00008_clean.wav,7MHSV
audio_00008_noisy.wav,7MHSV
audio_00008_fast.wav,7MHSV
audio_00008_slow.wav,7MHSV
audio_00009_clean.wav,80QK2
audio_00009_noisy.wav,80QK2
audio_00009_fast.wav,80QK2
audio_00009_slow.wav,80QK2
